<metadata xml:lang="en"><Esri><CreaDate>20161014</CreaDate><CreaTime>10381200</CreaTime><ArcGISFormat>1.0</ArcGISFormat><ArcGISstyle>FGDC CSDGM Metadata</ArcGISstyle><SyncOnce>FALSE</SyncOnce><DataProperties><lineage><Process ToolSource="c:\program files (x86)\arcgis\desktop10.3\ArcToolbox\Toolboxes\Data Management Tools.tbx\CalculateField" Date="20161014" Time="103812" Name="" export="">CalculateField Junk1_diss_Polygons2Polyline TYPE "Land" VB #</Process><Process ToolSource="c:\program files (x86)\arcgis\desktop10.3\ArcToolbox\Toolboxes\Data Management Tools.tbx\CalculateField" Date="20161014" Time="104101" Name="" export="">CalculateField Junk1_diss_Polygons2Polyline TYPE "Land" VB #</Process><Process ToolSource="c:\program files\arcgis\pro\Resources\ArcToolbox\toolboxes\Conversion Tools.tbx\FeatureClassToFeatureClass" Date="20210310" Time="145713">FeatureClassToFeatureClass "Current Park Boundary" "C:\Users\KBAnderson\Documents\_KAREN\OneDrive - DOI\COVIDTime_Work\MAPS_2021\_MISC_DATA\IRMAData" ACAD_CurrentFeeBoundary_LN_202004.shp # "TYPE "TYPE" true true false 15 Text 0 0,First,#,Current Park Boundary,TYPE,0,15;Shape_Length "Shape_Length" false true true 8 Double 0 0,First,#,Current Park Boundary,Shape_Length,-1,-1;LenMile "LenMile" true true false 8 Double 0 0,First,#,Current Park Boundary,LenMile,-1,-1" #</Process></lineage><itemProps><itemName Sync="TRUE">ACAD_CurrentFeeBoundary_LN_202004</itemName><itemLocation><linkage Sync="TRUE">file://\\INPACAD-079222\C$\Users\KBAnderson\Documents\_KAREN\OneDrive - DOI\COVIDTime_Work\MAPS_2021\_MISC_DATA\IRMAData\ACAD_CurrentFeeBoundary_LN_202004.shp</linkage><protocol Sync="TRUE">Local Area Network</protocol></itemLocation><nativeExtBox><westBL Sync="TRUE">527167.687400</westBL><eastBL Sync="TRUE">577337.812500</eastBL><southBL Sync="TRUE">4872259.500000</southBL><northBL Sync="TRUE">4919812.199900</northBL><exTypeCode Sync="TRUE">1</exTypeCode></nativeExtBox><imsContentType Sync="TRUE" export="False">002</imsContentType><itemSize Sync="TRUE">0.000</itemSize></itemProps><coordRef><type Sync="TRUE">Projected</type><geogcsn Sync="TRUE">GCS_North_American_1983</geogcsn><csUnits Sync="TRUE">Linear Unit: Meter (1.000000)</csUnits><projcsn Sync="TRUE">NAD_1983_UTM_Zone_19N</projcsn><peXml Sync="TRUE">&lt;ProjectedCoordinateSystem xsi:type='typens:ProjectedCoordinateSystem' xmlns:xsi='http://www.w3.org/2001/XMLSchema-instance' xmlns:xs='http://www.w3.org/2001/XMLSchema' xmlns:typens='http://www.esri.com/schemas/ArcGIS/2.7.0'&gt;&lt;WKT&gt;PROJCS[&amp;quot;NAD_1983_UTM_Zone_19N&amp;quot;,GEOGCS[&amp;quot;GCS_North_American_1983&amp;quot;,DATUM[&amp;quot;D_North_American_1983&amp;quot;,SPHEROID[&amp;quot;GRS_1980&amp;quot;,6378137.0,298.257222101]],PRIMEM[&amp;quot;Greenwich&amp;quot;,0.0],UNIT[&amp;quot;Degree&amp;quot;,0.0174532925199433]],PROJECTION[&amp;quot;Transverse_Mercator&amp;quot;],PARAMETER[&amp;quot;False_Easting&amp;quot;,500000.0],PARAMETER[&amp;quot;False_Northing&amp;quot;,0.0],PARAMETER[&amp;quot;Central_Meridian&amp;quot;,-69.0],PARAMETER[&amp;quot;Scale_Factor&amp;quot;,0.9996],PARAMETER[&amp;quot;Latitude_Of_Origin&amp;quot;,0.0],UNIT[&amp;quot;Meter&amp;quot;,1.0],AUTHORITY[&amp;quot;EPSG&amp;quot;,26919]]&lt;/WKT&gt;&lt;XOrigin&gt;-5120900&lt;/XOrigin&gt;&lt;YOrigin&gt;-9998100&lt;/YOrigin&gt;&lt;XYScale&gt;450445547.3910538&lt;/XYScale&gt;&lt;ZOrigin&gt;-100000&lt;/ZOrigin&gt;&lt;ZScale&gt;10000&lt;/ZScale&gt;&lt;MOrigin&gt;-100000&lt;/MOrigin&gt;&lt;MScale&gt;10000&lt;/MScale&gt;&lt;XYTolerance&gt;0.001&lt;/XYTolerance&gt;&lt;ZTolerance&gt;0.001&lt;/ZTolerance&gt;&lt;MTolerance&gt;0.001&lt;/MTolerance&gt;&lt;HighPrecision&gt;true&lt;/HighPrecision&gt;&lt;WKID&gt;26919&lt;/WKID&gt;&lt;LatestWKID&gt;26919&lt;/LatestWKID&gt;&lt;/ProjectedCoordinateSystem&gt;</peXml></coordRef><LayerFile>{"type":"CIMLayerDocument","version":"2.7.0","build":26828,"layers":["CIMPATH=map/acad_currentfeeboundary_ln_202004.xml"],"layerDefinitions":[{"type":"CIMFeatureLayer","name":"ACAD_CurrentFeeBoundary_LN_202004","uRI":"CIMPATH=map/acad_currentfeeboundary_ln_202004.xml","sourceModifiedTime":{"type":"TimeInstant"},"useSourceMetadata":true,"description":"ACAD_CurrentFeeBoundary_LN_202004","layerElevation":{"type":"CIMLayerElevationSurface","mapElevationID":"{8DD5323B-97EB-451D-923E-FB8E53C50CEF}"},"expanded":true,"layerType":"Operational","showLegends":true,"visibility":true,"displayCacheType":"Permanent","maxDisplayCacheAge":5,"showPopups":true,"serviceLayerID":-1,"refreshRate":-1,"refreshRateUnit":"esriTimeUnitsSeconds","blendingMode":"Alpha","autoGenerateFeatureTemplates":true,"featureElevationExpression":"0","featureTable":{"type":"CIMFeatureTable","displayField":"TYPE","editable":true,"dataConnection":{"type":"CIMStandardDataConnection","workspaceConnectionString":"DATABASE=..\\..\\..\\..\\..\\..\\KBAnderson\\Documents\\_KAREN\\OneDrive - DOI\\COVIDTime_Work\\MAPS_2021\\_MISC_DATA\\IRMAData","workspaceFactory":"Shapefile","dataset":"ACAD_CurrentFeeBoundary_LN_202004","datasetType":"esriDTFeatureClass"},"studyAreaSpatialRel":"esriSpatialRelUndefined","searchOrder":"esriSearchOrderSpatial"},"htmlPopupEnabled":true,"htmlPopupFormat":{"type":"CIMHtmlPopupFormat","htmlUseCodedDomainValues":true,"htmlPresentationStyle":"TwoColumnTable"},"isFlattened":true,"selectable":true,"featureCacheType":"Session","displayFiltersType":"ByScale","featureBlendingMode":"Alpha","labelClasses":[{"type":"CIMLabelClass","expression":"[TYPE]","expressionEngine":"VBScript","featuresToLabel":"AllVisibleFeatures","maplexLabelPlacementProperties":{"type":"CIMMaplexLabelPlacementProperties","featureType":"Line","avoidPolygonHoles":true,"canOverrunFeature":true,"canPlaceLabelOutsidePolygon":true,"canRemoveOverlappingLabel":true,"canStackLabel":true,"connectionType":"MinimizeLabels","constrainOffset":"AboveLine","contourAlignmentType":"Page","contourLadderType":"Straight","contourMaximumAngle":90,"enableConnection":true,"featureWeight":0,"fontHeightReductionLimit":4,"fontHeightReductionStep":0.5,"fontWidthReductionLimit":90,"fontWidthReductionStep":5,"graticuleAlignmentType":"Straight","keyNumberGroupName":"Default","labelBuffer":15,"labelLargestPolygon":true,"labelPriority":-1,"labelStackingProperties":{"type":"CIMMaplexLabelStackingProperties","stackAlignment":"ChooseBest","maximumNumberOfLines":3,"minimumNumberOfCharsPerLine":3,"maximumNumberOfCharsPerLine":24,"separators":[{"type":"CIMMaplexStackingSeparator","separator":" ","splitAfter":true},{"type":"CIMMaplexStackingSeparator","separator":",","visible":true,"splitAfter":true}]},"lineFeatureType":"General","linePlacementMethod":"OffsetStraightFromLine","maximumLabelOverrun":16,"maximumLabelOverrunUnit":"Point","minimumFeatureSizeUnit":"Map","multiPartOption":"OneLabelPerFeature","offsetAlongLineProperties":{"type":"CIMMaplexOffsetAlongLineProperties","placementMethod":"BestPositionAlongLine","labelAnchorPoint":"CenterOfLabel","distanceUnit":"Map","useLineDirection":true},"pointExternalZonePriorities":{"type":"CIMMaplexExternalZonePriorities","aboveLeft":4,"aboveCenter":2,"aboveRight":1,"centerRight":3,"belowRight":5,"belowCenter":7,"belowLeft":8,"centerLeft":6},"pointPlacementMethod":"AroundPoint","polygonAnchorPointType":"GeometricCenter","polygonBoundaryWeight":0,"polygonExternalZones":{"type":"CIMMaplexExternalZonePriorities","aboveLeft":4,"aboveCenter":2,"aboveRight":1,"centerRight":3,"belowRight":5,"belowCenter":7,"belowLeft":8,"centerLeft":6},"polygonFeatureType":"General","polygonInternalZones":{"type":"CIMMaplexInternalZonePriorities","center":1},"polygonPlacementMethod":"CurvedInPolygon","primaryOffset":1,"primaryOffsetUnit":"Point","removeExtraWhiteSpace":true,"repetitionIntervalUnit":"Map","rotationProperties":{"type":"CIMMaplexRotationProperties","rotationType":"Arithmetic","alignmentType":"Straight"},"secondaryOffset":100,"strategyPriorities":{"type":"CIMMaplexStrategyPriorities","stacking":1,"overrun":2,"fontCompression":3,"fontReduction":4,"abbreviation":5},"thinningDistanceUnit":"Point","truncationMarkerCharacter":".","truncationMinimumLength":1,"truncationPreferredCharacters":"aeiou","polygonAnchorPointPerimeterInsetUnit":"Point"},"name":"Default","priority":2,"standardLabelPlacementProperties":{"type":"CIMStandardLabelPlacementProperties","featureType":"Line","featureWeight":"None","labelWeight":"High","numLabelsOption":"OneLabelPerName","lineLabelPosition":{"type":"CIMStandardLineLabelPosition","above":true,"inLine":true,"parallel":true},"lineLabelPriorities":{"type":"CIMStandardLineLabelPriorities","aboveStart":3,"aboveAlong":3,"aboveEnd":3,"centerStart":3,"centerAlong":3,"centerEnd":3,"belowStart":3,"belowAlong":3,"belowEnd":3},"pointPlacementMethod":"AroundPoint","pointPlacementPriorities":{"type":"CIMStandardPointPlacementPriorities","aboveLeft":2,"aboveCenter":2,"aboveRight":1,"centerLeft":3,"centerRight":2,"belowLeft":3,"belowCenter":3,"belowRight":2},"rotationType":"Arithmetic","polygonPlacementMethod":"AlwaysHorizontal"},"textSymbol":{"type":"CIMSymbolReference","symbol":{"type":"CIMTextSymbol","blockProgression":"TTB","compatibilityMode":true,"depth3D":1,"drawSoftHyphen":true,"extrapolateBaselines":true,"flipAngle":90,"fontEffects":"Normal","fontEncoding":"Unicode","fontFamilyName":"Arial","fontStyleName":"Regular","fontType":"Unspecified","haloSize":1,"height":8,"hinting":"Default","horizontalAlignment":"Center","kerning":true,"letterWidth":100,"ligatures":true,"lineGapType":"ExtraLeading","shadowColor":{"type":"CIMRGBColor","values":[0,0,0,100]},"symbol":{"type":"CIMPolygonSymbol","symbolLayers":[{"type":"CIMSolidFill","enable":true,"color":{"type":"CIMRGBColor","values":[0,0,0,100]}}]},"textCase":"Normal","textDirection":"LTR","verticalAlignment":"Bottom","verticalGlyphOrientation":"Right","wordSpacing":100,"billboardMode3D":"FaceNearPlane"}},"useCodedValue":true,"visibility":true,"iD":-1}],"renderer":{"type":"CIMSimpleRenderer","patch":"Default","symbol":{"type":"CIMSymbolReference","symbol":{"type":"CIMLineSymbol","symbolLayers":[{"type":"CIMSolidStroke","enable":true,"capStyle":"Round","joinStyle":"Round","lineStyle3D":"Strip","miterLimit":10,"width":1.5,"color":{"type":"CIMRGBColor","values":[56,168,0,100]}}]}}},"scaleSymbols":true,"snappable":true}]}</LayerFile></DataProperties><SyncDate>20210310</SyncDate><SyncTime>14571300</SyncTime><ModDate>20210310</ModDate><ModTime>14571300</ModTime><scaleRange><minScale>150000000</minScale><maxScale>5000</maxScale></scaleRange><ArcGISProfile>NAP</ArcGISProfile></Esri><mdLang><languageCode value="eng"/><countryCode value="USA" Sync="TRUE"/></mdLang><mdChar><CharSetCd value="004"/></mdChar><mdHrLv><ScopeCd value="005"/></mdHrLv><mdContact xmlns=""><rpIndName>Karen Anderson</rpIndName><rpOrgName>Acadia National Park, US National Park Service</rpOrgName><rpPosName>GIS Specialist</rpPosName><rpCntInfo><cntPhone><voiceNum>207-288-8724</voiceNum><faxNum>207-288-8709</faxNum></cntPhone><cntAddress addressType="postal"><delPoint>P.O. Box 177</delPoint><city>Bar Harbor</city><adminArea>ME</adminArea><postCode>04609</postCode><country>US</country><eMailAdd>karen_b_anderson@nps.gov</eMailAdd></cntAddress><cntHours>0800-1630 EST</cntHours></rpCntInfo><role><RoleCd value="007"/></role></mdContact><mdStanName>ArcGIS Metadata</mdStanName><mdStanVer>1.0</mdStanVer><distInfo xmlns=""><distributor xmlns=""><distorCont xmlns=""><rpOrgName>Acadia National Park</rpOrgName><rpPosName>GIS Specialist</rpPosName><rpCntInfo><cntPhone><voiceNum>207-288-8724</voiceNum><faxNum>207-288-8709</faxNum></cntPhone><cntAddress addressType="postal"><delPoint>P.O. Box 177</delPoint><city>Bar Harbor</city><adminArea>ME</adminArea><postCode>04609</postCode><country>US</country><eMailAdd>karen_b_anderson@nps.gov</eMailAdd></cntAddress><cntHours>0800-1630 EST</cntHours></rpCntInfo><role><RoleCd value="005"/></role></distorCont><distorOrdPrc xmlns=""><resFees units="">may need to provide transfer media</resFees><planAvDtTm>2018-01-31T00:00:00</planAvDtTm><ordInstr>request in writing or email</ordInstr><ordTurn>varies with operator's workload</ordTurn></distorOrdPrc><distorTran xmlns=""><onLineSrc xmlns=""><linkage>http://irma.nps.gov/App/Reference/Search</linkage><orDesc>NPS Data Store. Search for Reference Type: Geospatial Data, Search Text: boundary, Unit: drag 'Acadia National Park' into righthand box. Click Search button.</orDesc><orFunct><OnFunctCd value="001"/></orFunct></onLineSrc></distorTran></distributor><distFormat xmlns=""><formatVer>ArcGIS ver10.5</formatVer><formatName Sync="FALSE">ESRI Shapefile</formatName></distFormat><distTranOps><transSize Sync="TRUE">0.000</transSize></distTranOps></distInfo><dataIdInfo><idCitation xmlns=""><resTitle Sync="FALSE">Current Fee-ownership Boundary of Acadia National Park, Maine.  (CurrentFeeBoundary_LN)</resTitle><date><pubDate>2018-01-31T00:00:00</pubDate></date><citRespParty xmlns=""><rpOrgName>Acadia National Park, US National Park Service</rpOrgName><role><RoleCd value="006"/></role></citRespParty><presForm xmlns=""><fgdcGeoform>vector digital data</fgdcGeoform><PresFormCd value="005" Sync="TRUE"/></presForm></idCitation><idAbs>&lt;DIV STYLE="text-align:Left;"&gt;&lt;DIV&gt;&lt;DIV&gt;&lt;P&gt;&lt;SPAN&gt;Lines representing the current fee-ownership boundary (approximate) for Acadia National Park. &lt;/SPAN&gt;&lt;/P&gt;&lt;/DIV&gt;&lt;/DIV&gt;&lt;/DIV&gt;</idAbs><idPurp>To create a park boundary line for cartography and planning. Not of sufficient accuracy for survey or conveyance.</idPurp><idCredit>U.S. National Park Service</idCredit><idStatus><ProgCd value="001"/></idStatus><idPoC xmlns=""><rpOrgName>Acadia National Park</rpOrgName><rpPosName>GIS Specialist</rpPosName><rpCntInfo xmlns=""><cntPhone><voiceNum tddtty="">207-288-8724</voiceNum><faxNum>207-288-8709</faxNum></cntPhone><cntAddress addressType="postal"><delPoint>P.O. Box 177</delPoint><city>Bar Harbor</city><adminArea>ME</adminArea><postCode>04609</postCode><country>US</country><eMailAdd>karen_b_anderson@nps.gov</eMailAdd></cntAddress><cntHours>0800-1630 EST</cntHours></rpCntInfo><role><RoleCd value="007"/></role></idPoC><resMaint xmlns=""><maintFreq><MaintFreqCd value="010"/></maintFreq></resMaint><placeKeys xmlns=""><thesaName xmlns=""><resTitle>National Park System Unit Name Thesaurus</resTitle></thesaName><keyword>Acadia National Park</keyword></placeKeys><placeKeys xmlns=""><thesaName xmlns=""><resTitle>National Park System Unit Code Thesaurus</resTitle></thesaName><keyword>ACAD</keyword></placeKeys><placeKeys xmlns=""><thesaName xmlns=""><resTitle>None</resTitle></thesaName><keyword>New England</keyword><keyword>United States of America</keyword><keyword>northeast</keyword><keyword>Hancock County</keyword><keyword>Knox County</keyword><keyword>State of Maine</keyword></placeKeys><themeKeys xmlns=""><thesaName xmlns=""><resTitle>National Park Service Theme Category Thesaurus</resTitle></thesaName><keyword>Boundary</keyword></themeKeys><themeKeys xmlns=""><thesaName xmlns=""><resTitle>None</resTitle></thesaName><keyword>National Park Service</keyword><keyword>land ownership</keyword><keyword>Federal lands</keyword><keyword>ownership interest</keyword><keyword>fee-ownership</keyword></themeKeys><themeKeys xmlns=""><thesaName xmlns=""><resTitle>ISO 19115 Topic Category</resTitle></thesaName><keyword>boundaries</keyword></themeKeys><searchKeys><keyword>Boundary</keyword><keyword>fee-ownership</keyword><keyword>National Park Service</keyword><keyword>New England</keyword><keyword>land ownership</keyword><keyword>Federal lands</keyword><keyword>United States of America</keyword><keyword>northeast</keyword><keyword>Hancock County</keyword><keyword>Knox County</keyword><keyword>boundaries</keyword><keyword>ACAD</keyword><keyword>ownership interest</keyword><keyword>Acadia National Park</keyword><keyword>State of Maine</keyword></searchKeys><resConst><LegConsts xmlns=""><useLimit>The National Park Service shall not be held liable for improper or incorrect use of the data described and/or contained herein. These data and related graphics ("GIF" format files) are not legal documents and are not intended to be used as such. The information contained in these data is dynamic and may change over time. The data are not better than the original sources from which they were derived. It is the responsibility of the data user to use the data appropriately and consistent within the limitations of geospatial data in general and these data in particular. The related graphics are intended to aid the data user in acquiring relevant data; it is not appropriate to use the related graphics as data. The National Park Service gives no warranty, expressed or implied, as to the accuracy, reliability, or completeness of these data. It is strongly recommended that these data are directly acquired from an NPS server and not indirectly through other sources which may have changed the data in some way. Although these data have been processed successfully on a computer system at the National Park Service, no warranty expressed or implied is made regarding the utility of the data on another system or for general or scientific purposes, nor shall the act of distribution constitute any such warranty. This disclaimer applies both to individual use of the data and aggregate use with other data.</useLimit></LegConsts></resConst><aggrInfo xmlns=""><aggrDSName xmlns=""><resTitle>ACAD_LandsLayers_201610.gdb\ParkBndCARTO</resTitle><date><pubDate>2016-11-16T00:00:00</pubDate></date><citRespParty xmlns=""><rpOrgName>Acadia National Park, National Park Service</rpOrgName><role><RoleCd value="006"/></role></citRespParty><presForm xmlns=""><PresFormCd value="005"/><fgdcGeoform>vector digital data</fgdcGeoform></presForm><citOnlineRes xmlns=""><linkage>http://irma.nps.gov/App/Reference/Search</linkage><orFunct><OnFunctCd value="001"/></orFunct></citOnlineRes><resAltTitle>ParkBndCARTO</resAltTitle></aggrDSName><assocType><AscTypeCd value="001"/></assocType></aggrInfo><dataLang><languageCode value="eng"/><countryCode value="USA" Sync="TRUE"/></dataLang><dataExt xmlns=""><exDesc>publication date</exDesc><tempEle><TempExtent><exTemp><TM_Instant><tmPosition>2018-01-31T00:00:00</tmPosition></TM_Instant></exTemp></TempExtent></tempEle></dataExt><suppInfo>For reference please note: "Fee" is a legal term meaning: 'fee ownership - an estate without condition, freely transferable, inheritable, and potentially unlimited in duration.' from http://www.homesurfer.com/encyclopedia/f/fee_ownership.html OR 'an estate of inheritance in land, absolute and without limitation to any particular class of heirs (fee simple)' from Random House Dictionary of the English Language</suppInfo><dataChar><CharSetCd value="004"/></dataChar><resConst><Consts xmlns=""><useLimit>&lt;DIV STYLE="text-align:Left;"&gt;&lt;DIV&gt;&lt;DIV&gt;&lt;P&gt;&lt;SPAN&gt;Lines are considered estimates only and should not be used for transactions and/or legal descriptions, only for general depictions of land holdings. This data layer, for cartographic purposes, has been adjusted to match local municipal tax parcel maps which are of varying accuracy and may not match survey information where it exists.&lt;/SPAN&gt;&lt;/P&gt;&lt;/DIV&gt;&lt;/DIV&gt;&lt;/DIV&gt;</useLimit></Consts></resConst><envirDesc Sync="TRUE">Microsoft Windows 10 Version 10.0 (Build 18363) ; Esri ArcGIS 12.7.0.26828</envirDesc><spatRpType><SpatRepTypCd value="001" Sync="TRUE"/></spatRpType><dataExt xmlns=""><geoEle xmlns=""><GeoBndBox esriExtentType="search"><exTypeCode Sync="TRUE">1</exTypeCode><westBL Sync="TRUE">-68.661125</westBL><eastBL Sync="TRUE">-68.028375</eastBL><northBL Sync="TRUE">44.431096</northBL><southBL Sync="TRUE">43.999409</southBL></GeoBndBox></geoEle></dataExt><tpCat><TopicCatCd value="003"/></tpCat></dataIdInfo><mdMaint xmlns=""><maintFreq><MaintFreqCd value="009"/></maintFreq></mdMaint><dqInfo xmlns=""><dqScope><scpLvl><ScopeCd value="005"/></scpLvl></dqScope><report type="DQConcConsis" dimension="" xmlns=""><evalMethDesc>Assumed to be topologically correct, but no tests have been performed.  A visual review of attribute TYPE was done in ArcMap with unique value symbology.</evalMethDesc><measDesc>Derived directly from a GIS polygon layer; no subsequent edits apart from line splits and attribute coding. Assumed to be topologically correct.  Visual review of attribute TYPE was done in ArcMap with unique value symbology.</measDesc></report><report type="DQCompOm" dimension="" xmlns=""><measDesc>All land parcels which are owned in fee by the NPS (based on Public Laws 99-420 and/or 97-335) are shown. This layer should reflect all change orders issued by the Lands Office which have been communicated to Acadia NP staff through January 2018.</measDesc></report><dataLineage><dataSource xmlns="" type=""><srcDesc>NPS, Acadia National Park, Land ownership polygons (fee-owned, legislated fee acquisition parcels, conservation easements) published January 2018. Polygon outlines and database associated with them.</srcDesc><srcMedName><MedNameCd value="015"/></srcMedName><srcCitatn xmlns=""><resTitle>ACAD_LandsLayers_201801.gdb\ParkBndCARTO</resTitle><resAltTitle>PKBND</resAltTitle><date><pubDate>2018-01-31T00:00:00</pubDate></date><citRespParty xmlns=""><rpOrgName>Acadia National Park, US National Park Service</rpOrgName><role><RoleCd value="006"/></role></citRespParty><presForm xmlns=""><fgdcGeoform>vector digital data</fgdcGeoform><PresFormCd value="005"/></presForm></srcCitatn></dataSource><prcStep xmlns=""><stepDesc>In ArcMap, displayed PKBND. Selected CLASS = 'FEE'. Exported selected polygons to Temp1.shp. Dissolved all internal boundaries to create Temp2.shp. Using XTools, convert polygons in Temp2.shp to polylines. Also used XTools to create/calcuate the attribute LenMile (length in miles). Added attribute TYPE to allow display of "land only" boundary lines. Selected &amp; coded the lines by type (Land, Marine Shore, Lake Shore), splitting lines when necessary. When edits were complete, updated metadata.</stepDesc><stepDateTm>2018-01-24T00:00:00</stepDateTm><stepProc xmlns=""><rpOrgName>Acadia National Park</rpOrgName><rpPosName>GIS Specialist</rpPosName><rpCntInfo><cntPhone><voiceNum>207-288-8724</voiceNum><faxNum>207-288-8709</faxNum></cntPhone><cntAddress addressType="postal"><delPoint>P.O. Box 177</delPoint><city>Bar Harbor</city><adminArea>ME</adminArea><postCode>04609</postCode><country>US</country><eMailAdd>karen_b_anderson@nps.gov</eMailAdd></cntAddress><cntHours>0800-1630 EST</cntHours></rpCntInfo><role><RoleCd value="009"/></role></stepProc></prcStep></dataLineage></dqInfo><eainfo><detailed Name="ACAD_CurrentFeeBoundary_LN_202004" xmlns=""><enttyp><enttypl Sync="TRUE">ACAD_CurrentFeeBoundary_LN_202004</enttypl><enttypt Sync="TRUE">Feature Class</enttypt><enttypc Sync="TRUE">0</enttypc><enttypd>Lines representing edges/outlines of polygons depicting the legislated fee-ownership boundary of Acadia National Park.</enttypd><enttypds>K.Anderson</enttypds></enttyp><attr><attrlabl Sync="TRUE">FID</attrlabl><attalias Sync="TRUE">FID</attalias><attrtype Sync="TRUE">OID</attrtype><attwidth Sync="TRUE">4</attwidth><atprecis Sync="TRUE">0</atprecis><attscale Sync="TRUE">0</attscale><attrdef Sync="TRUE">Internal feature number.</attrdef><attrdefs Sync="TRUE">Esri</attrdefs><attrdomv><udom Sync="TRUE">Sequential unique whole numbers that are automatically generated.</udom></attrdomv></attr><attr xmlns=""><attrlabl>TYPE</attrlabl><attrdef>what land type underlies this line</attrdef><attrdefs>K.Anderson, GIS Specialist</attrdefs><attrdomv><edom xmlns=""><edomv>Marine Shore</edomv><edomvd>This line shows the boundary along a marine shoreline.</edomvd><edomvds>K.Anderson, GIS Specialist</edomvds></edom><edom xmlns=""><edomv>Lake Shore</edomv><edomvd>This line shows the boundary along a lake shoreline. Generally, if a boundary line on a lake is included, it is along a lake subject to Maine's "Great Ponds Act".</edomvd><edomvds>K.Anderson, GIS Specialist</edomvds></edom><edom xmlns=""><edomv>Land</edomv><edomvd>This line shows the boundary across land.</edomvd><edomvds>K.Anderson, GIS Specialist</edomvds></edom></attrdomv><attalias Sync="TRUE">TYPE</attalias><attrtype Sync="TRUE">String</attrtype><attwidth Sync="TRUE">15</attwidth><atprecis Sync="TRUE">0</atprecis><attscale Sync="TRUE">0</attscale></attr><attr xmlns=""><attrlabl>Shape</attrlabl><attrdef>Feature geometry.</attrdef><attrdefs>ESRI</attrdefs><attrdomv><udom>Coordinates defining the features.</udom></attrdomv><attalias Sync="TRUE">Shape</attalias><attrtype Sync="TRUE">Geometry</attrtype><attwidth Sync="TRUE">0</attwidth><atprecis Sync="TRUE">0</atprecis><attscale Sync="TRUE">0</attscale></attr><attr><attrlabl Sync="TRUE">Shape_Leng</attrlabl><attalias Sync="TRUE">Shape_Leng</attalias><attrtype Sync="TRUE">Double</attrtype><attwidth Sync="TRUE">19</attwidth><atprecis Sync="TRUE">0</atprecis><attscale Sync="TRUE">0</attscale></attr><attr xmlns=""><attrlabl Sync="TRUE">LenMile</attrlabl><attalias Sync="TRUE">LenMile</attalias><attrtype Sync="TRUE">Double</attrtype><attwidth Sync="TRUE">19</attwidth><atprecis Sync="TRUE">0</atprecis><attscale Sync="TRUE">0</attscale><attrdef>Length of line segment in MILES, calculated by XTools.</attrdef><attrdefs>K.Anderson, GIS Specialist</attrdefs><attrdomv><rdom xmlns=""><rdommin>0.01</rdommin><rdommax>18.70</rdommax><attrunit>miles</attrunit></rdom></attrdomv></attr></detailed></eainfo><mdHrLvName Sync="TRUE">dataset</mdHrLvName><refSysInfo><RefSystem dimension="horizontal"><refSysID xmlns=""><identCode code="26919" Sync="TRUE"/><idCodeSpace Sync="TRUE">EPSG</idCodeSpace><idVersion Sync="TRUE">6.11(3.0.1)</idVersion></refSysID></RefSystem></refSysInfo><spatRepInfo><VectSpatRep><geometObjs Name="ACAD_CurrentFeeBoundary_LN_202004"><geoObjTyp><GeoObjTypCd value="002" Sync="TRUE"></GeoObjTypCd></geoObjTyp><geoObjCnt Sync="TRUE">0</geoObjCnt></geometObjs><topLvl><TopoLevCd value="001" Sync="TRUE"></TopoLevCd></topLvl></VectSpatRep></spatRepInfo><spdoinfo><ptvctinf><esriterm Name="ACAD_CurrentFeeBoundary_LN_202004"><efeatyp Sync="TRUE">Simple</efeatyp><efeageom code="3" Sync="TRUE"></efeageom><esritopo Sync="TRUE">FALSE</esritopo><efeacnt Sync="TRUE">0</efeacnt><spindex Sync="TRUE">FALSE</spindex><linrefer Sync="TRUE">FALSE</linrefer></esriterm></ptvctinf></spdoinfo><mdDateSt Sync="TRUE">20210310</mdDateSt></metadata>
